{
  "H": 1.5,
  "W": 0.5,
  "nH": 5.0,
  "nW": 4.0,
  "pC": [-0.5773502692, 0.5773502692],
  "weights": [1.0,1.0]
}