{
  "H": 0.1,
  "W": 0.1,
  "nH": 31.0,
  "nW": 31.0,
  "pC": [-0.5773502692, 0.5773502692],
  "weights": [1.0,1.0],
  "k": 25.0,
  "density" : 7800.0,
  "specificHeat" : 700.0,
  "alpha" : 300.0,
  "ambientTemperature" : 1200.0,
  "simulationTime" : 500.0,
  "simulationStepTime" : 1.0,
  "initialTemperature" : 100.0
}